frase,situacao
"sinto dor no peito e falta de ar",alto risco
"estou com um aperto forte no peito que vai para o braço esquerdo",alto risco
"desmaiei agora há pouco e meu coração está disparado",alto risco
"dor no peito com suor frio e enjoo",alto risco
"meu coração está batendo muito rápido e estou tonto",alto risco
"não consigo respirar direito nem parado",alto risco
"dor forte no peito que não passa há mais de vinte minutos",alto risco
"sinto um peso no peito e dor no queixo",alto risco
"acordei sufocado sem conseguir respirar",alto risco
"minha pressão está muito alta e estou com a visão embaçada",alto risco
"senti uma pontada no peito e caí no chão",alto risco
"estou com o lábio roxo e muita falta de ar",alto risco
"tô com uma agonia no peito e suando frio",alto risco
"o coração está falhando e sinto que vou desmaiar",alto risco
"dor no peito que piora e espalha para as costas",alto risco
"estou com dormência no braço esquerdo e aperto no peito",alto risco
"tenho muita falta de ar e as pernas estão muito inchadas",alto risco
"sinto o peito queimando e a respiração curta",alto risco
"fiquei confuso de repente e com dor forte no peito",alto risco
"meu coração parou de bater no ritmo e estou fraco",alto risco
"tive um leve incômodo nas costas",baixo risco
"estou um pouco cansado depois do trabalho",baixo risco
"sinto uma dor leve no joelho quando caminho",baixo risco
"tive uma dor de cabeça fraca hoje de manhã",baixo risco
"estou com o nariz entupido e espirrando",baixo risco
"sinto um cansaço leve no fim do dia",baixo risco
"tive uma câimbra na perna durante a noite",baixo risco
"estou com a garganta arranhando",baixo risco
"senti um leve enjoo depois do almoço",baixo risco
"meu ombro está dolorido depois da academia",baixo risco
"tenho uma tosse seca há dois dias",baixo risco
"dormi mal e acordei com sono",baixo risco
"sinto uma coceira no braço",baixo risco
"estou com dor nas costas por ficar sentado",baixo risco
"tive um pouco de azia depois do jantar",baixo risco
"meu pé está um pouco inchado depois de andar muito",baixo risco
"sinto a vista cansada depois do computador",baixo risco
"estou com uma leve dor muscular no braço",baixo risco
"tive um resfriado com febre baixa",baixo risco
"sinto um leve formigamento na mão quando durmo de lado",baixo risco
