Sintoma 1,Sintoma 2,Doença Associada
dor no peito,aperto no tórax,Infarto
cansaço constante,fadiga,Insuficiência Cardíaca
falta de ar,dificuldade para respirar,Angina
dor no braço esquerdo,dor no queixo,Infarto
suor frio,náusea,Infarto
dor ao fazer esforço,dor ao subir escada,Angina
melhora com repouso,passa quando descanso,Angina
pernas inchadas,tornozelos inchados,Insuficiência Cardíaca
falta de ar ao deitar,acordo sem ar,Insuficiência Cardíaca
ganho peso rápido,barriga inchada,Insuficiência Cardíaca
