variante,termo_padrao
pontada no peito,dor no peito
agonia no peito,dor no peito
dor no coração,dor no peito
peito apertado,aperto no tórax
peso no peito,aperto no tórax
aperto no peito,aperto no tórax
aperto no coração,aperto no tórax
suando frio,suor frio
suadeira,suor frio
enjoo,náusea
ânsia de vômito,náusea
vontade de vomitar,náusea
embrulho no estômago,náusea
dor na mandíbula,dor no queixo
dor no maxilar,dor no queixo
braço esquerdo dormente,dor no braço esquerdo
formigamento no braço esquerdo,dor no braço esquerdo
sem fôlego,falta de ar
fôlego curto,falta de ar
puxando o ar,dificuldade para respirar
respiração curta,dificuldade para respirar
canseira,cansaço constante
moleza,cansaço constante
sem coragem pra nada,cansaço constante
sem força pra nada,cansaço constante
esgotado,fadiga
morto de cansado,fadiga
perna inchada,pernas inchadas
pernas inchada,pernas inchadas
canela inchada,tornozelos inchados
pé inchado,tornozelos inchados
pés inchados,tornozelos inchados
acordo sufocado,acordo sem ar
acordo engasgado,acordo sem ar
barriga estufada,barriga inchada
barriga d'água,barriga inchada
engordei rápido,ganho peso rápido
subindo ladeira,dor ao subir escada
dor quando faço força,dor ao fazer esforço
alivia quando paro,melhora com repouso
passa quando paro,melhora com repouso
